documents_document_id,documents_author_name,document_name,document_description,documents_other_details
0,Malvina Metz,Travel to Brazil,Nulla molestiae voluptas recusandae dolores explicabo et. Consequuntur ut autem velit eos aut.,
4,Telly Pfannerstill,Travel to China,Maiores suscipit earum sed iure. Quis voluptatem facilis doloremque nisi corrupti. Sed est repellendus et aut id. Nisi quis ex eligendi possimus ut ut unde.,
7,Malvina Metz,Travel to England,Dolores beatae omnis dolorem laudantium quaerat ut. Perspiciatis explicabo est ut vel porro omnis. Aut non occaecati aut quia ut non omnis. Quia quam ea consequuntur quo aliquam.,
24,Bianka Cummings,Travel to Egypt,Culpa voluptatibus alias quo amet dolore eum possimus. Qui placeat cumque non aperiam. Cupiditate pariatur dolorum sed ut.,
29,Bianka Cummings,Travel to Ireland,Cumque a ducimus perferendis sint. Quidem tempora recusandae accusamus possimus aut vitae quo. Omnis earum sint doloribus velit.,
52,Eveline Bahringer,How to cook chicken,Soluta vitae sed soluta. Aut eos omnis dolorem qui non recusandae neque. Atque enim inventore sint dolor sit.,
77,Marjolaine Paucek,How to cook pasta,Occaecati id consectetur amet. Fuga vel voluptate qui autem quisquam quis. Eos rerum et iste impedit vel facere.,
79,Tevin Weber,How to cook steak,Eius rerum rerum architecto optio reprehenderit rerum id. Voluptatem et atque expedita. Voluptatem sint qui aut nostrum voluptas.,
262,Addison Denesik,How to cook rice,Quo alias nam consectetur nostrum voluptatibus omnis occaecati. Perspiciatis assumenda sed ullam veritatis modi id. Animi praesentium tenetur hic reiciendis nihil hic aut.,
462,Adeline Wolff,Learning about flowers,Dolor ipsum sed cum aliquid eius enim exercitationem. Eius cupiditate magni sed et. Ex qui debitis sint aliquam illo eligendi magni praesentium. Et reiciendis sed in nostrum eius asperiores. Repellat et odio non qui mollitia.,
927,Tevin Weber,Learning about palm reading,Omnis perferendis voluptas ea animi ad eum voluptatibus. Tempora natus deleniti consequatur rerum id nisi fugit nihil. Labore repellendus porro consequatur qui.,
435463,Antwon Krajcik V,Learning about chess,Qui dolor et porro ut commodi error sed. Qui deserunt et est provident ut. Et quos libero iusto qui enim.,
461893,Era Kerluke,Learning about society,Magnam quos voluptatibus sit qui. Recusandae dignissimos repellendus et dolor sequi provident. Consectetur occaecati illum laboriosam id.,
782065904,Beverly Bergnaum MD,Learning about arts,Qui omnis sint eligendi adipisci perferendis. Quis id voluptatum nobis sed magnam animi quos. Consequatur voluptates voluptatum iure recusandae.,
948678383,Beverly Bergnaum MD,Learning about history,Corrupti porro nemo voluptas voluptatibus ipsam minus sed. Alias dolores voluptatibus reprehenderit sunt architecto mollitia incidunt molestiae.,
